yeardraft,nameplayer,idplayer
2020,Anthony Edwards,1630162
2020,James Wiseman,1630164
2020,LaMelo Ball,1630163
2020,Patrick Williams,1630172
2020,Isaac Okoro,1630171
2020,Onyeka Okongwu,1630168
2020,Killian Hayes,1630165
2020,Obi Toppin,1630167
2020,Deni Avdija,1630166
2020,Jalen Smith,1630188
2020,Devin Vassell,1630170
2020,Tyrese Haliburton,1630169
2020,Kira Lewis Jr.,1630184
2020,Aaron Nesmith,1630174
2020,Cole Anthony,1630175
2020,Isaiah Stewart,1630191
2020,Aleksej Pokusevski,1630197
2020,Josh Green,1630182
2020,Saddiq Bey,1630180
2020,Precious Achiuwa,1630173
2020,Tyrese Maxey,1630178
2020,Zeke Nnaji,1630192
2020,Leandro Bolmaro,1630195
2020,R.J. Hampton,1630181
2020,Immanuel Quickley,1630193
2020,Payton Pritchard,1630202
2020,Udoka Azubuike,1628962
2020,Jaden McDaniels,1630183
2020,Malachi Flynn,1630201
2020,Desmond Bane,1630217
2020,Tyrell Terry,1630179
2020,Vernon Carey Jr.,1630176
2020,Daniel Oturu,1630187
2020,Theo Maledon,1630177
2020,Xavier Tillman,1630214
2020,Tyler Bey,1630189
2020,Vit Krejci,1630249
2020,Saben Lee,1630240
2020,Elijah Hughes,1630190
2020,Robert Woodard II,1630218
2020,Tre Jones,1630200
2020,Nick Richards,1630208
2020,Jahmi'us Ramsey,1630186
2020,Marko Simonovic,1630250
2020,Jordan Nwora,1629670
2020,CJ Elleby,1629604
2020,Yam Madar,1630236
2020,Nico Mannion,1630185
2020,Isaiah Joe,1630198
2020,Skylar Mays,1630219
2020,Justinian Jessup,1630251
2020,Kenyon Martin Jr.,1630231
2020,Cassius Winston,1630216
2020,Cassius Stanley,1630199
2020,Jay Scrubb,1630206
2020,Grant Riller,1630203
2020,Reggie Perry,1629617
2020,Paul Reed,1630194
2020,Jalen Harris,1630223
2020,Sam Merrill,1630241
2019,Zion Williamson,1629627
2019,Ja Morant,1629630
2019,RJ Barrett,1629628
2019,De'Andre Hunter,1629631
2019,Darius Garland,1629636
2019,Jarrett Culver,1629633
2019,Coby White,1629632
2019,Jaxson Hayes,1629637
2019,Rui Hachimura,1629060
2019,Cam Reddish,1629629
2019,Cameron Johnson,1629661
2019,P.J. Washington,1629023
2019,Tyler Herro,1629639
2019,Romeo Langford,1629641
2019,Sekou Doumbouya,1629635
2019,Chuma Okeke,1629643
2019,Nickeil Alexander-Walker,1629638
2019,Goga Bitadze,1629048
2019,Luka Samanic,1629677
2019,Matisse Thybulle,1629680
2019,Brandon Clarke,1629634
2019,Grant Williams,1629684
2019,Darius Bazley,1629647
2019,Ty Jerome,1629660
2019,Nassir Little,1629642
2019,Dylan Windler,1629685
2019,Mfiondu Kabengele,1629662
2019,Jordan Poole,1629673
2019,Keldon Johnson,1629640
2019,Kevin Porter Jr.,1629645
2019,Nicolas Claxton,1629651
2019,KZ Okpala,1629644
2019,Carsen Edwards,1629035
2019,Bruno Fernando,1628981
2019,Marcos Louzada Silva,1629712
2019,Cody Martin,1628998
2019,Deividas Sirvydis,1629686
2019,Daniel Gafford,1629655
2019,Alen Smailagic,1629346
2019,Justin James,1629713
2019,Eric Paschall,1629672
2019,Admiral Schofield,1629678
2019,Jaylen Nowell,1629669
2019,Bol Bol,1629626
2019,Isaiah Roby,1629676
2019,Talen Horton-Tucker,1629659
2019,Ignas Brazdeikis,1629649
2019,Terance Mann,1629611
2019,Quinndary Weatherspoon,1629683
2019,Jarrell Brantley,1629714
2019,Tremont Waters,1629682
2019,Jalen McDaniels,1629667
2019,Justin Wright-Foreman,1629625
2019,Marial Shayok,1629621
2019,Kyle Guy,1629657
2019,Jaylen Hands,1628986
2019,Jordan Bone,1629648
2019,Miye Oni,1629671
2019,Dewan Hernandez,1629608
2019,Vanja Marinkovic,1629079
2018,Deandre Ayton,1629028
2018,Marvin Bagley III,1628963
2018,Luka Doncic,1629029
2018,Jaren Jackson Jr.,1628991
2018,Trae Young,1629027
2018,Mo Bamba,1628964
2018,Wendell Carter Jr.,1628976
2018,Collin Sexton,1629012
2018,Kevin Knox II,1628995
2018,Mikal Bridges,1628969
2018,Shai Gilgeous-Alexander,1628983
2018,Miles Bridges,1628970
2018,Jerome Robinson,1629010
2018,Michael Porter Jr.,1629008
2018,Troy Brown Jr.,1628972
2018,Zhaire Smith,1629015
2018,Donte DiVincenzo,1628978
2018,Lonnie Walker IV,1629022
2018,Kevin Huerter,1628989
2018,Josh Okogie,1629006
2018,Grayson Allen,1628960
2018,Chandler Hutchison,1628990
2018,Aaron Holiday,1628988
2018,Anfernee Simons,1629014
2018,Moritz Wagner,1629021
2018,Landry Shamet,1629013
2018,Robert Williams III,1629057
2018,Jacob Evans,1628980
2018,Dzanan Musa,1629058
2018,Omari Spellman,1629016
2018,Elie Okobo,1629059
2018,Jevon Carter,1628975
2018,Jalen Brunson,1628973
2018,Devonte' Graham,1628984
2018,Melvin Frazier Jr.,1628982
2018,Mitchell Robinson,1629011
2018,Gary Trent Jr.,1629018
2018,Khyri Thomas,1629017
2018,Isaac Bonga,1629067
2018,Rodions Kurucs,1629066
2018,Jarred Vanderbilt,1629020
2018,Bruce Brown,1628971
2018,Justin Jackson,1628992
2018,Issuf Sanon,1629068
2018,Hamidou Diallo,1628977
2018,De'Anthony Melton,1629001
2018,Svi Mykhailiuk,1629004
2018,Keita Bates-Diop,1628966
2018,Chimezie Metu,1629002
2018,Alize Johnson,1628993
2018,Tony Carr,1628974
2018,Vincent Edwards,1629053
2018,Devon Hall,1628985
2018,Shake Milton,1629003
2018,Arnoldas Kulboka,1629083
2018,Ray Spalding,1629034
2018,Kevin Hervey,1628987
2018,Thomas Welsh,1629118
2018,George King,1628994
2018,Kostas Antetokounmpo,1628961
2017,Markelle Fultz,1628365
2017,Lonzo Ball,1628366
2017,Jayson Tatum,1628369
2017,Josh Jackson,1628367
2017,De'Aaron Fox,1628368
2017,Jonathan Isaac,1628371
2017,Lauri Markkanen,1628374
2017,Frank Ntilikina,1628373
2017,Dennis Smith Jr.,1628372
2017,Zach Collins,1628380
2017,Malik Monk,1628370
2017,Luke Kennard,1628379
2017,Donovan Mitchell,1628378
2017,Bam Adebayo,1628389
2017,Justin Jackson,1628382
2017,Justin Patton,1628383
2017,D.J. Wilson,1628391
2017,T.J. Leaf,1628388
2017,John Collins,1628381
2017,Harry Giles III,1628385
2017,Terrance Ferguson,1628390
2017,Jarrett Allen,1628386
2017,OG Anunoby,1628384
2017,Tyler Lydon,1628399
2017,Anzejs Pasecniks,1628394
2017,Caleb Swanigan,1628403
2017,Kyle Kuzma,1628398
2017,Tony Bradley,1628396
2017,Derrick White,1628401
2017,Josh Hart,1628404
2017,Frank Jackson,1628402
2017,Davon Reed,1628432
2017,Wes Iwundu,1628411
2017,Frank Mason,1628412
2017,Ivan Rabb,1628397
2017,Jonah Bolden,1628413
2017,Semi Ojeleye,1628400
2017,Jordan Bell,1628395
2017,Jawun Evans,1628393
2017,Dwayne Bacon,1628407
2017,Tyler Dorsey,1628416
2017,Thomas Bryant,1628418
2017,Isaiah Hartenstein,1628392
2017,Damyean Dotson,1628422
2017,Dillon Brooks,1628415
2017,Sterling Brown,1628425
2017,Ike Anigbogu,1628387
2017,Sindarius Thornwell,1628414
2017,Vlatko Cancar,1628427
2017,Mathias Lessort,1628406
2017,Monte Morris,1628420
2017,Edmond Sumner,1628410
2017,Kadeem Allen,1628443
2017,Alec Peters,1628409
2017,Nigel Williams-Goss,1628430
2017,Jabari Bird,1628444
2017,Aleksandar Vezenkov,1628426
2017,Ognen Jaramaz,1628445
2017,Jaron Blossomgame,1628417
2017,Alpha Kaba,1628446
2016,Ben Simmons,1627732
2016,Brandon Ingram,1627742
2016,Jaylen Brown,1627759
2016,Dragan Bender,1627733
2016,Kris Dunn,1627739
2016,Buddy Hield,1627741
2016,Jamal Murray,1627750
2016,Marquese Chriss,1627737
2016,Jakob Poeltl,1627751
2016,Thon Maker,1627748
2016,Domantas Sabonis,1627734
2016,Taurean Prince,1627752
2016,Georgios Papagiannis,1627834
2016,Denzel Valentine,1627756
2016,Juancho Hernangomez,1627823
2016,Guerschon Yabusele,1627824
2016,Wade Baldwin IV,1627735
2016,Henry Ellenson,1627740
2016,Malik Beasley,1627736
2016,Caris LeVert,1627747
2016,DeAndre' Bembry,1627761
2016,Malachi Richardson,1627781
2016,Ante Zizic,1627790
2016,Timothe Luwawu-Cabarrot,1627789
2016,Brice Johnson,1627744
2016,Furkan Korkmaz,1627788
2016,Pascal Siakam,1627783
2016,Skal Labissiere,1627746
2016,Dejounte Murray,1627749
2016,Damian Jones,1627745
2016,Deyonta Davis,1627738
2016,Ivica Zubac,1627826
2016,Cheick Diallo,1627767
2016,Tyler Ulis,1627755
2016,Rade Zagorac,1627825
2016,Malcolm Brogdon,1627763
2016,Chinanu Onuaku,1627778
2016,Patrick McCaw,1627775
2016,David Michineau,1627837
2016,Diamond Stone,1627754
2016,Stephen Zimmerman,1627757
2016,Isaiah Whitehead,1627785
2016,Zhou Qi,1627753
2016,Isaia Cordinier,1627833
2016,Demetrius Jackson,1627743
2016,AJ Hammons,1627773
2016,Jake Layman,1627774
2016,Paul Zipser,1627835
2016,Michael Gbinije,1627771
2016,Georges Niang,1627777
2016,Ben Bentil,1627791
2016,Joel Bolomboy,1627762
2016,Petr Cornelie,1627822
2016,Kay Felder,1627770
2016,Marcus Paige,1627779
2016,Daniel Hamilton,1627772
2016,Wang Zhelin,1627845
2016,Abdel Nader,1627846
2016,Isaiah Cousins,1627766
2016,Tyrone Wallace,1627820
2015,Karl-Anthony Towns,1626157
2015,D'Angelo Russell,1626156
2015,Jahlil Okafor,1626143
2015,Kristaps Porzingis,204001
2015,Mario Hezonja,1626209
2015,Willie Cauley-Stein,1626161
2015,Emmanuel Mudiay,1626144
2015,Stanley Johnson,1626169
2015,Frank Kaminsky,1626163
2015,Justise Winslow,1626159
2015,Myles Turner,1626167
2015,Trey Lyles,1626168
2015,Devin Booker,1626164
2015,Cameron Payne,1626166
2015,Kelly Oubre Jr.,1626162
2015,Terry Rozier,1626179
2015,Rashad Vaughn,1626173
2015,Sam Dekker,1626155
2015,Jerian Grant,1626170
2015,Delon Wright,1626153
2015,Justin Anderson,1626147
2015,Bobby Portis,1626171
2015,Rondae Hollis-Jefferson,1626178
2015,Tyus Jones,1626145
2015,Jarell Martin,1626185
2015,Nikola Milutinov,1626221
2015,Larry Nance Jr.,1626204
2015,RJ Hunter,1626154
2015,Chris McCullough,1626191
2015,Kevon Looney,1626172
2015,Cedi Osman,1626224
2015,Montrezl Harrell,1626149
2015,Jordan Mickey,1626175
2015,Anthony Brown,1626148
2015,Willy Hernangomez,1626195
2015,Rakeem Christmas,1626176
2015,Richaun Holmes,1626158
2015,Darrun Hilliard,1626199
2015,Juan Pablo Vaulet,1626225
2015,Josh Richardson,1626196
2015,Pat Connaughton,1626192
2015,Olivier Hanlan,1626152
2015,Joe Young,1626202
2015,Andrew Harrison,1626150
2015,Marcus Thornton,1626194
2015,Norman Powell,1626181
2015,Arturas Gudaitis,1626222
2015,Dakari Johnson,1626177
2015,Aaron White,1626206
2015,Marcus Eriksson,1626226
2015,Tyler Harvey,1626227
2015,Satnam Singh,1626228
2015,Sir'Dominic Pointer,1626218
2015,Daniel Diez,1626229
2015,Cady Lalanne,1626215
2015,Branden Dawson,1626183
2015,Nikola Radicevic,1626230
2015,JP Tokoto,1626160
2015,Dimitrios Agravanis,1626231
2015,Luka Mitrovic,1626232
2014,Andrew Wiggins,203952
2014,Jabari Parker,203953
2014,Joel Embiid,203954
2014,Aaron Gordon,203932
2014,Dante Exum,203957
2014,Marcus Smart,203935
2014,Julius Randle,203944
2014,Nik Stauskas,203917
2014,Noah Vonleh,203943
2014,Elfrid Payton,203901
2014,Doug McDermott,203926
2014,Dario Saric,203967
2014,Zach LaVine,203897
2014,T.J. Warren,203933
2014,Adreian Payne,203940
2014,Jusuf Nurkic,203994
2014,James Young,203923
2014,Tyler Ennis,203898
2014,Gary Harris,203914
2014,Bruno Caboclo,203998
2014,Mitch McGary,203956
2014,Jordan Adams,203919
2014,Rodney Hood,203918
2014,Shabazz Napier,203894
2014,Clint Capela,203991
2014,PJ Hairston,203798
2014,Bogdan Bogdanovic,203992
2014,C.J. Wilcox,203912
2014,Josh Huestis,203962
2014,Kyle Anderson,203937
2014,Damien Inglis,203996
2014,KJ McDaniels,203909
2014,Joe Harris,203925
2014,Cleanthony Early,203921
2014,Jarnell Stokes,203950
2014,Johnny O'Bryant III,203948
2014,DeAndre Daniels,203908
2014,Spencer Dinwiddie,203915
2014,Jerami Grant,203924
2014,Glenn Robinson III,203922
2014,Nikola Jokic,203999
2014,Nick Johnson,203910
2014,Edy Tavares,204002
2014,Markel Brown,203900
2014,Dwight Powell,203939
2014,Jordan Clarkson,203903
2014,Russ Smith,203893
2014,Lamar Patterson,203934
2014,Cameron Bairstow,203946
2014,Alec Brown,203938
2014,Thanasis Antetokounmpo,203648
2014,Vasilije Micic,203995
2014,Alessandro Gentile,203993
2014,Nemanja Dangubic,204009
2014,Semaj Christon,203902
2014,Devyn Marble,203906
2014,Louis Labeyrie,204010
2014,Jordan McRae,203895
2014,Xavier Thames,203904
2014,Cory Jefferson,203928
2013,Anthony Bennett,203461
2013,Victor Oladipo,203506
2013,Otto Porter Jr.,203490
2013,Cody Zeller,203469
2013,Alex Len,203458
2013,Nerlens Noel,203457
2013,Ben McLemore,203463
2013,Kentavious Caldwell-Pope,203484
2013,Trey Burke,203504
2013,CJ McCollum,203468
2013,Michael Carter-Williams,203487
2013,Steven Adams,203500
2013,Kelly Olynyk,203482
2013,Shabazz Muhammad,203498
2013,Giannis Antetokounmpo,203507
2013,Lucas Nogueira,203512
2013,Dennis Schroder,203471
2013,Shane Larkin,203499
2013,Sergey Karasev,203508
2013,Tony Snell,203503
2013,Gorgui Dieng,203476
2013,Mason Plumlee,203486
2013,Solomon Hill,203524
2013,Tim Hardaway Jr.,203501
2013,Reggie Bullock,203493
2013,Andre Roberson,203460
2013,Rudy Gobert,203497
2013,Livio Jean-Charles,203520
2013,Archie Goodwin,203462
2013,Nemanja Nedovic,203517
2013,Allen Crabbe,203459
2013,Alex Abrines,203518
2013,Carrick Felix,203467
2013,Isaiah Canaan,203477
2013,Glen Rice,203318
2013,Ray McCallum,203492
2013,Tony Mitchell,203502
2013,Nate Wolters,203489
2013,Jeff Withey,203481
2013,Grant Jerrett,203511
2013,Jamaal Franklin,203479
2013,Pierre Jackson,203510
2013,Ricky Ledo,203495
2013,Mike Muscala,203488
2013,Marko Todorovic,203525
2013,Erick Green,203475
2013,Raul Neto,203526
2013,Ryan Kelly,203527
2013,Erik Murphy,203513
2013,James Ennis III,203516
2013,Romero Osby,203528
2013,Lorenzo Brown,203485
2013,Colton Iverson,203470
2013,Arsalan Kazemi,203529
2013,Joffrey Lauvergne,203530
2013,Peyton Siva,203491
2013,Alex Oriakhi,203531
2013,Deshaun Thomas,203472
2013,Bojan Dubljevic,203532
2013,Janis Timma,203533
2012,Anthony Davis,203076
2012,Michael Kidd-Gilchrist,203077
2012,Bradley Beal,203078
2012,Dion Waiters,203079
2012,Thomas Robinson,203080
2012,Damian Lillard,203081
2012,Harrison Barnes,203084
2012,Terrence Ross,203082
2012,Andre Drummond,203083
2012,Austin Rivers,203085
2012,Meyers Leonard,203086
2012,Jeremy Lamb,203087
2012,Kendall Marshall,203088
2012,John Henson,203089
2012,Maurice Harkless,203090
2012,Royce White,203091
2012,Tyler Zeller,203092
2012,Terrence Jones,203093
2012,Andrew Nicholson,203094
2012,Evan Fournier,203095
2012,Jared Sullinger,203096
2012,Fab Melo,203097
2012,John Jenkins,203098
2012,Jared Cunningham,203099
2012,Tony Wroten,203100
2012,Miles Plumlee,203101
2012,Arnett Moultrie,203102
2012,Perry Jones III,203103
2012,Marquis Teague,203104
2012,Festus Ezeli,203105
2012,Jeffery Taylor,203106
2012,Tomas Satoransky,203107
2012,Bernard James,203108
2012,Jae Crowder,203109
2012,Draymond Green,203110
2012,Orlando Johnson,203111
2012,Quincy Acy,203112
2012,Quincy Miller,203113
2012,Khris Middleton,203114
2012,Will Barton,203115
2012,Tyshawn Taylor,203116
2012,Doron Lamb,203117
2012,Mike Scott,203118
2012,Kim English,203119
2012,Justin Hamilton,203120
2012,Darius Miller,203121
2012,Kevin Murphy,203122
2012,Kostas Papanikolaou,203123
2012,Kyle O'Quinn,203124
2012,Izzet Turkyilmaz,203125
2012,Kris Joseph,203126
2012,Ognjen Kuzmic,203136
2012,Furkan Aldemir,203128
2012,Tornike Shengelia,203129
2012,Darius Johnson-Odom,203130
2012,Tomislav Zubcic,203131
2012,Ilkan Karaman,203132
2012,Robbie Hummel,203133
2012,Marcus Denmon,203134
2012,Robert Sacre,203135
2011,Kyrie Irving,202681
2011,Derrick Williams,202682
2011,Enes Kanter,202683
2011,Tristan Thompson,202684
2011,Jonas Valanciunas,202685
2011,Jan Vesely,202686
2011,Bismack Biyombo,202687
2011,Brandon Knight,202688
2011,Kemba Walker,202689
2011,Jimmer Fredette,202690
2011,Klay Thompson,202691
2011,Alec Burks,202692
2011,Markieff Morris,202693
2011,Marcus Morris Sr.,202694
2011,Kawhi Leonard,202695
2011,Nikola Vucevic,202696
2011,Iman Shumpert,202697
2011,Chris Singleton,202698
2011,Tobias Harris,202699
2011,Donatas Motiejunas,202700
2011,Nolan Smith,202701
2011,Kenneth Faried,202702
2011,Nikola Mirotic,202703
2011,Reggie Jackson,202704
2011,MarShon Brooks,202705
2011,Jordan Hamilton,202706
2011,JaJuan Johnson,202707
2011,Norris Cole,202708
2011,Cory Joseph,202709
2011,Jimmy Butler,202710
2011,Bojan Bogdanovic,202711
2011,Justin Harper,202712
2011,Kyle Singler,202713
2011,Shelvin Mack,202714
2011,Tyler Honeycutt,202715
2011,Jordan Williams,202716
2011,Trey Thompkins,202717
2011,Chandler Parsons,202718
2011,Jeremy Tyler,202719
2011,Jon Leuer,202720
2011,Darius Morris,202721
2011,Davis Bertans,202722
2011,Malcolm Lee,202723
2011,Charles Jenkins,202724
2011,Josh Harrellson,202725
2011,Andrew Goudelock,202726
2011,Travis Leslie,202727
2011,Keith Benson,202728
2011,Josh Selby,202729
2011,Lavoy Allen,202730
2011,Jon Diebler,202739
2011,Vernon Macklin,202731
2011,DeAndre Liggins,202732
2011,MIlan Macvan,202733
2011,E'Twaun Moore,202734
2011,Chukwudiebere Maduabum,202624
2011,Tanguy Ngombo,202735
2011,Ater Majok,202736
2011,Adam Hanga,202737
2011,Isaiah Thomas,202738
2010,John Wall,202322
2010,Evan Turner,202323
2010,Derrick Favors,202324
2010,Wesley Johnson,202325
2010,DeMarcus Cousins,202326
2010,Ekpe Udoh,202327
2010,Greg Monroe,202328
2010,Al-Farouq Aminu,202329
2010,Gordon Hayward,202330
2010,Paul George,202331
2010,Cole Aldrich,202332
2010,Xavier Henry,202333
2010,Ed Davis,202334
2010,Patrick Patterson,202335
2010,Larry Sanders,202336
2010,Luke Babbitt,202337
2010,Kevin Seraphin,202338
2010,Eric Bledsoe,202339
2010,Avery Bradley,202340
2010,James Anderson,202341
2010,Craig Brackins,202342
2010,Elliot Williams,202343
2010,Trevor Booker,202344
2010,Damion James,202345
2010,Dominique Jones,202346
2010,Quincy Pondexter,202347
2010,Jordan Crawford,202348
2010,Greivis Vasquez,202349
2010,Daniel Orton,202350
2010,Lazar Hayward,202351
2010,Tibor Pleiss,202353
2010,Dexter Pittman,202354
2010,Hassan Whiteside,202355
2010,Armon Johnson,202356
2010,Nemanja Bjelica,202357
2010,Terrico White,202358
2010,Darington Hobson,202359
2010,Andy Rautins,202360
2010,Landry Fields,202361
2010,Lance Stephenson,202362
2010,Jarvis Varnado,202363
2010,Da'Sean Butler,202364
2010,Devin Ebanks,202365
2010,Jerome Jordan,202366
2010,Paulao Prestes,202370
2010,Gani Lawal,202371
2010,Tiny Gallon,202372
2010,Latavious Williams,202160
2010,Ryan Richards,202373
2010,Solomon Alabi,202374
2010,Magnum Rolle,202375
2010,Luke Harangody,202376
2010,Pape Sy,202377
2010,Willie Warren,202378
2010,Jeremy Evans,202379
2010,Hamady Ndiaye,202380
2010,Ryan Reid,202385
2010,Derrick Caracter,202382
2010,Stanley Robinson,202383
2010,Dwayne Collins,202384
2009,Blake Griffin,201933
2009,Hasheem Thabeet,201934
2009,James Harden,201935
2009,Tyreke Evans,201936
2009,Ricky Rubio,201937
2009,Jonny Flynn,201938
2009,Stephen Curry,201939
2009,Jordan Hill,201941
2009,DeMar DeRozan,201942
2009,Brandon Jennings,201943
2009,Terrence Williams,201944
2009,Gerald Henderson,201945
2009,Tyler Hansbrough,201946
2009,Earl Clark,201947
2009,Austin Daye,201948
2009,James Johnson,201949
2009,Jrue Holiday,201950
2009,Ty Lawson,201951
2009,Jeff Teague,201952
2009,Eric Maynor,201953
2009,Darren Collison,201954
2009,Victor Claver,201964
2009,Omri Casspi,201956
2009,Byron Mullens,201957
2009,Rodrigue Beaubois,201958
2009,Taj Gibson,201959
2009,DeMarre Carroll,201960
2009,Wayne Ellington,201961
2009,Toney Douglas,201962
2009,Christian Eyenga,201963
2009,Jeff Ayres,201965
2009,Jermaine Taylor,201966
2009,Dante Cunningham,201967
2009,Sergio Llull,201968
2009,DaJuan Summers,201969
2009,Sam Young,201970
2009,DeJuan Blair,201971
2009,Jon Brockman,201972
2009,Jonas Jerebko,201973
2009,Derrick Brown,201974
2009,Jodie Meeks,201975
2009,Patrick Beverley,201976
2009,Marcus Thornton,201977
2009,Chase Budinger,201978
2009,Nick Calathes,201979
2009,Danny Green,201980
2009,Henk Norel,201994
2009,Taylor Griffin,201981
2009,Sergiy Gladyr,201982
2009,Goran Suton,201983
2009,Jack McClinton,201984
2009,AJ Price,201985
2009,Nando De Colo,201986
2009,Robert Vaden,201987
2009,Patty Mills,201988
2009,Ahmad Nivins,201989
2009,Emir Preldzic,201990
2009,Lester Hudson,201991
2009,Chinemelu Elonu,201992
2009,Robert Dozier,201993
2008,Derrick Rose,201565
2008,Michael Beasley,201563
2008,O.J. Mayo,201564
2008,Russell Westbrook,201566
2008,Kevin Love,201567
2008,Danilo Gallinari,201568
2008,Eric Gordon,201569
2008,Joe Alexander,201570
2008,D.J. Augustin,201571
2008,Brook Lopez,201572
2008,Jerryd Bayless,201573
2008,Jason Thompson,201574
2008,Brandon Rush,201575
2008,Anthony Randolph,201576
2008,Robin Lopez,201577
2008,Marreese Speights,201578
2008,Roy Hibbert,201579
2008,JaVale McGee,201580
2008,JJ Hickson,201581
2008,Alexis Ajinca,201582
2008,Ryan Anderson,201583
2008,Courtney Lee,201584
2008,Kosta Koufos,201585
2008,Serge Ibaka,201586
2008,Nicolas Batum,201587
2008,George Hill,201588
2008,Darrell Arthur,201589
2008,Donte Greene,201590
2008,DJ White,201591
2008,J.R. Giddens,201592
2008,Nikola Pekovic,201593
2008,Walter Sharpe,201594
2008,Joey Dorsey,201595
2008,Mario Chalmers,201596
2008,DeAndre Jordan,201599
2008,Omer Asik,201600
2008,Luc Mbah a Moute,201601
2008,Kyle Weaver,201602
2008,Sonny Weems,201603
2008,Chris Douglas-Roberts,201604
2008,Nathan Jawai,201605
2008,Sean Singletary,201606
2008,Patrick Ewing,201607
2008,Ante Tomic,201608
2008,Goran Dragic,201609
2008,Trent Plaisted,201610
2008,Henry Walker,201611
2008,Malik Hairston,201612
2008,Richard Hendrix,201613
2008,DeVon Hardin,201614
2008,Shan Foster,201615
2008,Darnell Jackson,201616
2008,Tadija Dragicevic,201617
2008,Maarty Leunen,201618
2008,Mike Taylor,201446
2008,Sasha Kaun,201619
2008,James Gist,201620
2008,Joe Crawford,201621
2008,Deron Washington,201622
2008,Semih Erden,201623
2007,Greg Oden,201141
2007,Kevin Durant,201142
2007,Al Horford,201143
2007,Mike Conley,201144
2007,Jeff Green,201145
2007,Yi Jianlian,201146
2007,Corey Brewer,201147
2007,Brandan Wright,201148
2007,Joakim Noah,201149
2007,Spencer Hawes,201150
2007,Acie Law,201151
2007,Thaddeus Young,201152
2007,Julian Wright,201153
2007,Al Thornton,201154
2007,Rodney Stuckey,201155
2007,Nick Young,201156
2007,Sean Williams,201157
2007,Marco Belinelli,201158
2007,Javaris Crittenton,201159
2007,Jason Smith,201160
2007,Daequan Cook,201161
2007,Jared Dudley,201162
2007,Wilson Chandler,201163
2007,Rudy Fernandez,201164
2007,Morris Almond,201165
2007,Aaron Brooks,201166
2007,Arron Afflalo,201167
2007,Tiago Splitter,201168
2007,Alando Tucker,201169
2007,Petteri Koponen,201170
2007,Carl Landry,201171
2007,Gabe Pruitt,201172
2007,Marcus Williams,201173
2007,Nick Fazekas,201174
2007,Glen Davis,201175
2007,Jermareo Davidson,201176
2007,Josh McRoberts,201177
2007,Kyrylo Fesenko,201178
2007,Stanko Barac,201179
2007,Sun Sun,201180
2007,Chris Richard,201181
2007,Derrick Byars,201182
2007,Adam Haluska,201183
2007,Reyshawn Terry,201184
2007,Jared Jordan,201185
2007,Stephane Lasme,201186
2007,Dominic McGuire,201187
2007,Marc Gasol,201188
2007,Aaron Gray,201189
2007,Renaldas Seibutis,201190
2007,JamesOn Curry,201191
2007,Taurean Green,201192
2007,Demetris Nichols,201193
2007,Brad Newley,201194
2007,Herbert Hill,201195
2007,Ramon Sessions,201196
2007,Sammy Mejia,201197
2007,Giorgos Printezis,201198
2007,DJ Strawberry,201199
2007,Milovan Rakovic,201200
2006,Andrea Bargnani,200745
2006,LaMarcus Aldridge,200746
2006,Adam Morrison,200747
2006,Tyrus Thomas,200748
2006,Shelden Williams,200749
2006,Brandon Roy,200750
2006,Randy Foye,200751
2006,Rudy Gay,200752
2006,Patrick O'Bryant,200753
2006,Mouhamed Sene,200754
2006,JJ Redick,200755
2006,Hilton Armstrong,200756
2006,Thabo Sefolosha,200757
2006,Ronnie Brewer,200758
2006,Cedric Simmons,200759
2006,Rodney Carney,200760
2006,Shawne Williams,200761
2006,Oleksiy Pecherov,200762
2006,Quincy Douby,200763
2006,Renaldo Balkman,200764
2006,Rajon Rondo,200765
2006,Marcus Williams,200766
2006,Josh Boone,200767
2006,Kyle Lowry,200768
2006,Shannon Brown,200769
2006,Jordan Farmar,200770
2006,Sergio Rodriguez,200771
2006,Maurice Ager,200772
2006,Mardy Collins,200776
2006,Joel Freeland,200777
2006,James White,200778
2006,Steve Novak,200779
2006,Solomon Jones,200780
2006,Paul Davis,200781
2006,P.J. Tucker,200782
2006,Craig Smith,200783
2006,Bobby Jones,200784
2006,Kosta Perovic,200785
2006,David Noel,200786
2006,Denham Brown,200787
2006,James Augustine,200788
2006,Daniel Gibson,200789
2006,Marcus Vinicius,200790
2006,Lior Eliyahu,200791
2006,Alexander Johnson,200792
2006,Dee Brown,200793
2006,Paul Millsap,200794
2006,Vladimir Veremeenko,200795
2006,Leon Powe,200796
2006,Ryan Hollins,200797
2006,Cheikh Samb,200798
2006,Guillermo Diaz,200799
2006,Yotam Halperin,200800
2006,Hassan Adams,200801
2006,Ejike Ugboaja,200802
2006,Edin Bavcic,200803
2006,Loukas Mavrokefalidis,200804
2006,JR Pinnock,200805
2006,Damir Markota,200806
2006,Will Blalock,200807
2005,Andrew Bogut,101106
2005,Marvin Williams,101107
2005,Deron Williams,101114
2005,Chris Paul,101108
2005,Raymond Felton,101109
2005,Martell Webster,101110
2005,Charlie Villanueva,101111
2005,Channing Frye,101112
2005,Ike Diogu,101113
2005,Andrew Bynum,101115
2005,Fran Vazquez,101116
2005,Yaroslav Korolev,101117
2005,Sean May,101118
2005,Rashad McCants,101119
2005,Antoine Wright,101120
2005,Joey Graham,101121
2005,Danny Granger,101122
2005,Gerald Green,101123
2005,Hakim Warrick,101124
2005,Julius Hodge,101125
2005,Nate Robinson,101126
2005,Jarrett Jack,101127
2005,Francisco Garcia,101128
2005,Luther Head,101129
2005,Johan Petro,101130
2005,Jason Maxiell,101131
2005,Linas Kleiza,101132
2005,Ian Mahinmi,101133
2005,Wayne Simien,101134
2005,David Lee,101135
2005,Salim Stoudamire,101136
2005,Daniel Ewing,101137
2005,Brandon Bass,101138
2005,CJ Miles,101139
2005,Ricky Sanchez,101140
2005,Ersan Ilyasova,101141
2005,Ronny Turiaf,101142
2005,Travis Diener,101143
2005,Von Wafer,101144
2005,Monta Ellis,101145
2005,Roko Ukic,101146
2005,Chris Taft,101147
2005,Mile Ilic,101148
2005,Martynas Andriuskevicius,101149
2005,Lou Williams,101150
2005,Erazem Lorbek,101151
2005,Bracey Wright,101152
2005,Mickael Gelabale,101153
2005,Andray Blatche,101154
2005,Ryan Gomes,101155
2005,Robert Whaley,101156
2005,Axel Hervelle,101157
2005,Orien Greene,101158
2005,Dijon Thompson,101159
2005,Lawrence Roberts,101160
2005,Amir Johnson,101161
2005,Marcin Gortat,101162
2005,Uros Slokar,101166
2005,Cenk Akyol,101164
2005,Alex Acker,101165
2004,Dwight Howard,2730
2004,Emeka Okafor,2731
2004,Ben Gordon,2732
2004,Shaun Livingston,2733
2004,Devin Harris,2734
2004,Josh Childress,2735
2004,Luol Deng,2736
2004,Rafael Araujo,2737
2004,Andre Iguodala,2738
2004,Luke Jackson,2739
2004,Andris Biedrins,2740
2004,Robert Swift,2741
2004,Sebastian Telfair,2742
2004,Kris Humphries,2743
2004,Al Jefferson,2744
2004,Kirk Snyder,2745
2004,Josh Smith,2746
2004,JR Smith,2747
2004,Dorell Wright,2748
2004,Jameer Nelson,2749
2004,Pavel Podkolzin,2750
2004,Viktor Khryapa,2751
2004,Sergei Monia,2752
2004,Delonte West,2753
2004,Tony Allen,2754
2004,Kevin Martin,2755
2004,Sasha Vujacic,2756
2004,Beno Udrih,2757
2004,David Harrison,2758
2004,Anderson Varejao,2760
2004,Jackson Vroman,2761
2004,Peter John Ramos,2762
2004,Lionel Chalmers,2763
2004,Donta Smith,2764
2004,Andre Emmett,2765
2004,Antonio Burks,2766
2004,Royal Ivey,2767
2004,Chris Duhon,2768
2004,Albert Miralles,2769
2004,Justin Reed,2770
2004,David Young,2801
2004,Viktor Sanikidze,2771
2004,Trevor Ariza,2772
2004,Tim Pickett,2773
2004,Bernard Robinson,2774
2004,Ha Ha,2775
2004,Pape Sow,2776
2004,Ricky Minard,2777
2004,Sergei Lishouk,2778
2004,Vassilis Spanoulis,2779
2004,Christian Drejer,2780
2004,Romain Sato,2781
2004,Matt Freije,2782
2004,Rickey Paulding,2783
2004,Luis Flores,2784
2004,Marcus Douthit,2785
2004,Sergei Karaulov,2807
2004,Blake Stepp,2786
2004,Rashad Wright,2787
2003,LeBron James,2544
2003,Darko Milicic,2545
2003,Carmelo Anthony,2546
2003,Chris Bosh,2547
2003,Dwyane Wade,2548
2003,Chris Kaman,2549
2003,Kirk Hinrich,2550
2003,T.J. Ford,2551
2003,Michael Sweetney,2552
2003,Jarvis Hayes,2553
2003,Mickael Pietrus,2554
2003,Nick Collison,2555
2003,Marcus Banks,2556
2003,Luke Ridnour,2557
2003,Reece Gaines,2558
2003,Troy Bell,2559
2003,Zarko Cabarkapa,2560
2003,David West,2561
2003,Sasha Pavlovic,2562
2003,Dahntay Jones,2563
2003,Boris Diaw,2564
2003,Zoran Planinic,2565
2003,Travis Outlaw,2566
2003,Brian Cook,2567
2003,Carlos Delfino,2568
2003,Ndudi Ebi,2569
2003,Kendrick Perkins,2570
2003,Leandro Barbosa,2571
2003,Josh Howard,2572
2003,Maciej Lampe,2573
2003,Jason Kapono,2574
2003,Luke Walton,2575
2003,Jerome Beasley,2602
2003,Sofoklis Schortsanitis,2577
2003,Szymon Szewczyk,2578
2003,Mario Austin,2579
2003,Travis Hansen,2580
2003,Steve Blake,2581
2003,Slavko Vranes,2582
2003,Derrick Zimmerman,2583
2003,Willie Green,2584
2003,Zaza Pachulia,2585
2003,Keith Bogans,2586
2003,Malick Badiane,2587
2003,Matt Bonner,2588
2003,Sani Becirovic,2589
2003,Mo Williams,2590
2003,James Lang,2591
2003,James Jones,2592
2003,Paccelis Morlende,2593
2003,Kyle Korver,2594
2003,Remon Van de Hare,2595
2003,Tommy Smith,2596
2003,Nedzad Sinanovic,2597
2003,Rick Rickert,2598
2003,Brandon Hunter,2599
2003,Xue Yuyang,2600
2003,Andreas Glyniadakis,2601
2002,Yao Ming,2397
2002,Jay Williams,2398
2002,Mike Dunleavy,2399
2002,Drew Gooden,2400
2002,Nikoloz Tskitishvili,2401
2002,Dajuan Wagner,2402
2002,Nene,2403
2002,Chris Wilcox,2404
2002,Amar'e Stoudemire,2405
2002,Caron Butler,2406
2002,Jared Jeffries,2407
2002,Melvin Ely,2408
2002,Marcus Haislip,2409
2002,Fred Jones,2410
2002,Bostjan Nachbar,2411
2002,Jiri Welsch,2412
2002,Juan Dixon,2413
2002,Curtis Borchardt,2414
2002,Ryan Humphrey,2415
2002,Kareem Rush,2416
2002,Qyntel Woods,2417
2002,Casey Jacobsen,2418
2002,Tayshaun Prince,2419
2002,Nenad Krstic,2420
2002,Frank Williams,2421
2002,John Salmons,2422
2002,Chris Jefferies,2423
2002,Dan Dickau,2424
2002,Steve Logan,2426
2002,Roger Mason Jr.,2427
2002,Robert Archibald,2425
2002,Vincent Yarbrough,2428
2002,Dan Gadzuric,2429
2002,Carlos Boozer,2430
2002,Milos Vujanic,2525
2002,David Andersen,2431
2002,Tito Maddox,2432
2002,Rod Grizzard,2433
2002,Juan Carlos Navarro,2434
2002,Mario Kasun,2435
2002,Flip Murray,2436
2002,Jason Jennings,2438
2002,Lonny Baxter,2437
2002,Sam Clancy,2439
2002,Matt Barnes,2440
2002,Jamal Sampson,2441
2002,Chris Owens,2442
2002,Peter Fehse,2526
2002,Darius Songaila,2443
2002,Federico Kammerichs,2444
2002,Marcus Taylor,2445
2002,Rasual Butler,2446
2002,Tamar Slay,2447
2002,Mladen Sekularac,2448
2002,Luis Scola,2449
2002,Randy Holcomb,2450
2002,Corsley Edwards,2451
2001,Kwame Brown,2198
2001,Tyson Chandler,2199
2001,Pau Gasol,2200
2001,Eddy Curry,2201
2001,Jason Richardson,2202
2001,Shane Battier,2203
2001,Eddie Griffin,2204
2001,DeSagana Diop,2205
2001,Rodney White,2206
2001,Joe Johnson,2207
2001,Kedrick Brown,2208
2001,Vladimir Radmanovic,2209
2001,Richard Jefferson,2210
2001,Troy Murphy,2211
2001,Steven Hunter,2212
2001,Kirk Haston,2213
2001,Michael Bradley,2214
2001,Jason Collins,2215
2001,Zach Randolph,2216
2001,Brendan Haywood,2217
2001,Joseph Forte,2218
2001,Jeryl Sasser,2219
2001,Brandon Armstrong,2220
2001,Raul Lopez,2221
2001,Gerald Wallace,2222
2001,Samuel Dalembert,2223
2001,Jamaal Tinsley,2224
2001,Tony Parker,2225
2001,Trenton Hassell,2239
2001,Gilbert Arenas,2240
2001,Omar Cook,2241
2001,Will Solomon,2226
2001,Terence Morris,2242
2001,Brian Scalabrine,2243
2001,Jeff Trepagnier,2244
2001,Damone Brown,2245
2001,Mehmet Okur,2246
2001,Michael Wright,2247
2001,Earl Watson,2248
2001,Jamison Brewer,2249
2001,Bobby Simmons,2250
2001,Eric Chenowith,2251
2001,Kyle Hill,2252
2001,Sean Lampley,2253
2001,Loren Woods,2254
2001,Ousmane Cisse,2255
2001,Antonis Fotsis,2238
2001,Ken Johnson,2256
2001,Ruben Boumtje-Boumtje,2257
2001,Alton Ford,2228
2001,Andre Hutson,2259
2001,Jarron Collins,2260
2001,Kenny Satterfield,2261
2001,Maurice Jeffers,2262
2001,Robertas Javtokas,2263
2001,Alvin Jones,2264
2001,Bryan Bracey,2265
2000,Kenyon Martin,2030
2000,Stromile Swift,2031
2000,Darius Miles,2032
2000,Marcus Fizer,2033
2000,Mike Miller,2034
2000,DerMarr Johnson,2035
2000,Chris Mihm,2036
2000,Jamal Crawford,2037
2000,Joel Przybilla,2038
2000,Keyon Dooling,2039
2000,Jerome Moiso,2040
2000,Etan Thomas,2041
2000,Courtney Alexander,2042
2000,Mateen Cleaves,2043
2000,Jason Collier,2044
2000,Hedo Turkoglu,2045
2000,Desmond Mason,2046
2000,Quentin Richardson,2047
2000,Jamaal Magloire,2048
2000,Speedy Claxton,2049
2000,Morris Peterson,2050
2000,Donnell Harvey,2051
2000,DeShawn Stevenson,2052
2000,Dalibor Bagaric,2053
2000,Jake Tsakalidis,2054
2000,Mamadou N'diaye,2055
2000,Primoz Brezec,2056
2000,Erick Barkley,2057
2000,Mark Madsen,2058
2000,Marko Jaric,2060
2000,Dan Langhi,2061
2000,A.J. Guyton,2062
2000,Jake Voskuhl,2063
2000,Khalid El-Amin,2064
2000,Mike Smith,2065
2000,Soumaila Samake,2066
2000,Eddie House,2067
2000,Eduardo Najera,2059
2000,Lavor Postell,2068
2000,Hanno Mottola,2069
2000,Chris Carrawell,2070
2000,Olumide Oyedeji,2071
2000,Michael Redd,2072
2000,Brian Cardinal,2073
2000,Jabari Smith,2074
2000,DeeAndre Hulett,2075
2000,Josip Sesar,2076
2000,Mark Karcher,2077
2000,Jason Hart,2078
2000,Kaniel Dickens,2079
2000,Igor Rakocevic,2080
2000,Ernest Brown,2081
2000,Dan McClintock,2082
2000,Cory Hightower,2083
2000,Chris Porter,2084
2000,Jaquay Walls,2085
2000,Scoonie Penn,2086
2000,Pete Mickeal,2087
1999,Elton Brand,1882
1999,Steve Francis,1883
1999,Baron Davis,1884
1999,Lamar Odom,1885
1999,Jonathan Bender,1886
1999,Wally Szczerbiak,1887
1999,Richard Hamilton,1888
1999,Andre Miller,1889
1999,Shawn Marion,1890
1999,Jason Terry,1891
1999,Trajan Langdon,1892
1999,Aleksandar Radojevic,1893
1999,Corey Maggette,1894
1999,William Avery,1895
1999,Frederic Weis,1896
1999,Metta World Peace,1897
1999,Cal Bowdler,1898
1999,James Posey,1899
1999,Quincy Lewis,1900
1999,Dion Glover,1901
1999,Jeff Foster,1902
1999,Kenny Thomas,1903
1999,Devean George,1904
1999,Andrei Kirilenko,1905
1999,Tim James,1906
1999,Vonteego Cummings,1907
1999,Jumaine Jones,1908
1999,Scott Padgett,1909
1999,Leon Smith,1910
1999,John Celestand,1911
1999,Rico Hill,1912
1999,Michael Ruffin,1913
1999,Chris Herren,1914
1999,Evan Eschmeyer,1915
1999,Calvin Booth,1916
1999,Wang Zhi-zhi,1917
1999,Obinna Ekezie,1918
1999,Laron Profit,1919
1999,A.J. Bramlett,1920
1999,Gordan Giricek,1921
1999,Francisco Elson,1922
1999,Louis Bullock,1923
1999,Lee Nailon,1924
1999,Tyrone Washington,1925
1999,Ryan Robertson,1926
1999,J.R. Koch,1927
1999,Todd MacCulloch,1928
1999,Galen Young,1929
1999,Lari Ketner,1930
1999,Venson Hamilton,1931
1999,Antwain Smith,1932
1999,Roberto Bergersen,1933
1999,Rodney Buford,1934
1999,Melvin Levett,1935
1999,Kris Clack,1936
1999,Tim Young,1937
1999,Manu Ginobili,1938
1999,Eddie Lucas,1939
1998,Michael Olowokandi,1709
1998,Mike Bibby,1710
1998,Raef LaFrentz,1711
1998,Antawn Jamison,1712
1998,Vince Carter,1713
1998,Robert Traylor,1714
1998,Jason Williams,1715
1998,Larry Hughes,1716
1998,Dirk Nowitzki,1717
1998,Paul Pierce,1718
1998,Bonzi Wells,1719
1998,Michael Doleac,1720
1998,Keon Clark,1721
1998,Michael Dickerson,1722
1998,Matt Harpring,1723
1998,Bryce Drew,1724
1998,Rasho Nesterovic,1725
1998,Mirsad Turkcan,1726
1998,Pat Garrity,1727
1998,Roshown McLeod,1728
1998,Ricky Davis,1729
1998,Brian Skinner,1730
1998,Tyronn Lue,1731
1998,Felipe Lopez,1732
1998,Al Harrington,1733
1998,Sam Jacobson,1734
1998,Vladimir Stepania,1735
1998,Corey Benjamin,1736
1998,Nazr Mohammed,1737
1998,Ansu Sesay,1738
1998,Ruben Patterson,1739
1998,Rashard Lewis,1740
1998,Jelani McCoy,1741
1998,Shammond Williams,1742
1998,Bruno Sundov,1743
1998,Jerome James,1744
1998,Casey Shaw,1745
1998,DeMarco Johnson,1746
1998,Rafer Alston,1747
1998,Korleone Young,1748
1998,Cuttino Mobley,1749
1998,Miles Simon,1750
1998,Jahidi White,1751
1998,Sean Marks,1752
1998,Toby Bailey,1753
1998,Andrae Patterson,1754
1998,Tyson Wheeler,1755
1998,Ryan Stack,1756
1998,Cory Carr,1757
1998,Andrew Betts,1758
1998,Corey Brewer,1759
1998,Derrick Dial,1760
1998,Greg Buckner,1761
1998,Tremaine Fowlkes,1762
1998,Ryan Bowen,1763
1998,J.R. Henderson,1764
1998,Torraye Braggs,1765
1998,Maceo Baston,1766
1997,Tim Duncan,1495
1997,Keith Van Horn,1496
1997,Chauncey Billups,1497
1997,Antonio Daniels,1498
1997,Tony Battie,1499
1997,Ron Mercer,1500
1997,Tim Thomas,1501
1997,Adonal Foyle,1502
1997,Tracy McGrady,1503
1997,Danny Fortson,1504
1997,Tariq Abdul-Wahad,1505
1997,Austin Croshere,1506
1997,Derek Anderson,1507
1997,Maurice Taylor,1508
1997,Kelvin Cato,1509
1997,Brevin Knight,1510
1997,Johnny Taylor,1511
1997,Chris Anstey,1512
1997,Scot Pollard,1513
1997,Paul Grant,1514
1997,Anthony Parker,1515
1997,Ed Gray,1516
1997,Bobby Jackson,1517
1997,Rodrick Rhodes,1518
1997,John Thomas,1519
1997,Charles Smith,1520
1997,Jacque Vaughn,1521
1997,Keith Booth,1522
1997,Serge Zwikker,1523
1997,Mark Sanford,1524
1997,Charles O'Bannon,1525
1997,James Cotton,1526
1997,Marko Milic,1527
1997,Bubba Wells,1528
1997,Kebu Stewart,1529
1997,James Collins,1530
1997,Marc Jackson,1531
1997,Jerald Honeycutt,1532
1997,Anthony Johnson,1533
1997,Eddie Elisma,1534
1997,Jason Lawson,1535
1997,Stephen Jackson,1536
1997,Gordon Malone,1537
1997,Cedric Henderson,1538
1997,God Shammgod,1539
1997,Eric Washington,1540
1997,Alvin Williams,1541
1997,Predrag Drobnjak,1542
1997,Alain Digbeau,1543
1997,Chris Crawford,1544
1997,DeJuan Wheat,1545
1997,C.J. Bruton,1546
1997,Paul Rogers,1547
1997,Mark Blount,1548
1997,Ben Pepper,1549
1997,Nate Erdmann,1550
1997,Roberto Duenas,1551
1996,Allen Iverson,947
1996,Marcus Camby,948
1996,Shareef Abdur-Rahim,949
1996,Stephon Marbury,950
1996,Ray Allen,951
1996,Antoine Walker,952
1996,Lorenzen Wright,953
1996,Kerry Kittles,954
1996,Samaki Walker,955
1996,Erick Dampier,956
1996,Todd Fuller,957
1996,Vitaly Potapenko,958
1996,Kobe Bryant,977
1996,Peja Stojakovic,978
1996,Steve Nash,959
1996,Tony Delk,960
1996,Jermaine O'Neal,979
1996,John Wallace,961
1996,Walter McCarty,962
1996,Zydrunas Ilgauskas,980
1996,Dontae' Jones,963
1996,Roy Rogers,964
1996,Efthimios Rentzias,981
1996,Derek Fisher,965
1996,Martin Muursepp,982
1996,Jerome Williams,966
1996,Brian Evans,967
1996,Priest Lauderdale,968
1996,Travis Knight,969
1996,Othella Harrington,970
1996,Mark Hendrickson,971
1996,Ryan Minor,972
1996,Moochie Norris,983
1996,Shawn Harvey,973
1996,Joseph Blair,974
1996,Doron Sheffer,975
1996,Jeff McInnis,976
1996,Steve Hamer,984
1996,Russ Millard,985
1996,Marcus Mann,986
1996,Jason Sasser,987
1996,Randy Livingston,988
1996,Ben Davis,989
1996,Malik Rose,990
1996,Joe Vogel,991
1996,Marcus Brown,992
1996,Ron Riley,993
1996,Jamie Feick,994
1996,Amal McCaskill,1043
1996,Terrell Bell,996
1996,Chris Robinson,997
1996,Mark Pope,998
1996,Jeff Nordgaard,999
1996,Shandon Anderson,1000
1996,Ronnie Henderson,1001
1996,Reggie Geary,1002
1996,Drew Barry,1003
1996,Darnell Robinson,1004
